{"No Title Data": {"6.065306597126334e-05": [0.0702970297029703, 0.07326732673267326, 0.061386138613861385, 0.07524752475247524, 0.062376237623762376], "0.0001648721270700128": [0.07524752475247524, 0.07128712871287128, 0.08712871287128712, 0.06534653465346535, 0.07425742574257425], "0.00044816890703380644": [0.07425742574257425, 0.0702970297029703, 0.06633663366336634, 0.06930693069306931, 0.07524752475247524], "0.0012182493960703473": [0.07920792079207921, 0.04950495049504951, 0.07326732673267326, 0.07326732673267326, 0.061386138613861385], "0.0033115451958692314": [0.07722772277227723, 0.07425742574257425, 0.07722772277227723, 0.06732673267326733, 0.06831683168316832], "0.00900171313005218": [0.0702970297029703, 0.0702970297029703, 0.06534653465346535, 0.05742574257425743, 0.0594059405940594], "0.024469193226422038": [0.07128712871287128, 0.07821782178217822, 0.0801980198019802, 0.06930693069306931, 0.06732673267326733], "0.06651416330443619": [0.07821782178217822, 0.06633663366336634, 0.07326732673267326, 0.07722772277227723, 0.07623762376237624], "0.1808042414456063": [0.08712871287128712, 0.07524752475247524, 0.08316831683168317, 0.0801980198019802, 0.0594059405940594], "0.4914768840299134": [0.060396039603960394, 0.07524752475247524, 0.08613861386138613, 0.07128712871287128, 0.07326732673267326], "1.3359726829661873": [0.06435643564356436, 0.06633663366336634, 0.06435643564356436, 0.07524752475247524, 0.06930693069306931], "3.6315502674246636": [0.06435643564356436, 0.06930693069306931, 0.062376237623762376, 0.07425742574257425, 0.08118811881188119], "9.87157710107605": [0.07425742574257425, 0.0801980198019802, 0.0801980198019802, 0.07920792079207921, 0.07524752475247524], "26.833728652087448": [0.07326732673267326, 0.07920792079207921, 0.07722772277227723, 0.07524752475247524, 0.06732673267326733], "72.94163698477013": [0.0702970297029703, 0.07227722772277227, 0.07821782178217822, 0.06831683168316832, 0.06534653465346535]}, "50% Covar Title Data": {"6.065306597126334e-05": [0.06831683168316832, 0.061386138613861385, 0.053465346534653464, 0.06435643564356436, 0.0594059405940594], "0.0001648721270700128": [0.06930693069306931, 0.06435643564356436, 0.0702970297029703, 0.0702970297029703, 0.061386138613861385], "0.00044816890703380644": [0.0702970297029703, 0.034653465346534656, 0.05643564356435644, 0.07227722772277227, 0.060396039603960394], "0.0012182493960703473": [0.07821782178217822, 0.07227722772277227, 0.07524752475247524, 0.07128712871287128, 0.08415841584158416], "0.0033115451958692314": [0.08118811881188119, 0.06831683168316832, 0.07128712871287128, 0.061386138613861385, 0.07326732673267326], "0.00900171313005218": [0.06336633663366337, 0.07326732673267326, 0.07524752475247524, 0.07128712871287128, 0.07425742574257425], "0.024469193226422038": [0.06534653465346535, 0.08118811881188119, 0.05643564356435644, 0.07227722772277227, 0.07128712871287128], "0.06651416330443619": [0.07128712871287128, 0.07920792079207921, 0.07821782178217822, 0.08712871287128712, 0.06336633663366337], "0.1808042414456063": [0.0801980198019802, 0.07821782178217822, 0.06930693069306931, 0.07722772277227723, 0.08217821782178218], "0.4914768840299134": [0.0702970297029703, 0.07425742574257425, 0.07425742574257425, 0.09603960396039604, 0.06435643564356436], "1.3359726829661873": [0.08316831683168317, 0.06930693069306931, 0.033663366336633666, 0.061386138613861385, 0.08217821782178218], "3.6315502674246636": [0.06831683168316832, 0.08316831683168317, 0.06930693069306931, 0.06336633663366337, 0.07326732673267326], "9.87157710107605": [0.07326732673267326, 0.019801980198019802, 0.06930693069306931, 0.07524752475247524, 0.03762376237623762], "26.833728652087448": [0.07524752475247524, 0.0801980198019802, 0.07326732673267326, 0.07326732673267326, 0.07623762376237624], "72.94163698477013": [0.06534653465346535, 0.062376237623762376, 0.07920792079207921, 0.06336633663366337, 0.07722772277227723]}, "Full Title Data": {"6.065306597126334e-05": [0.05148514851485148, 0.07227722772277227, 0.060396039603960394, 0.05148514851485148, 0.061386138613861385], "0.0001648721270700128": [0.05247524752475247, 0.06435643564356436, 0.062376237623762376, 0.05643564356435644, 0.060396039603960394], "0.00044816890703380644": [0.06336633663366337, 0.06435643564356436, 0.06633663366336634, 0.05148514851485148, 0.06534653465346535], "0.0012182493960703473": [0.06831683168316832, 0.060396039603960394, 0.05841584158415842, 0.060396039603960394, 0.0594059405940594], "0.0033115451958692314": [0.055445544554455446, 0.06435643564356436, 0.05643564356435644, 0.054455445544554455, 0.05247524752475247], "0.00900171313005218": [0.060396039603960394, 0.06534653465346535, 0.05841584158415842, 0.060396039603960394, 0.04950495049504951], "0.024469193226422038": [0.06633663366336634, 0.06336633663366337, 0.060396039603960394, 0.04950495049504951, 0.07425742574257425], "0.06651416330443619": [0.06732673267326733, 0.05643564356435644, 0.053465346534653464, 0.0504950495049505, 0.062376237623762376], "0.1808042414456063": [0.05247524752475247, 0.05643564356435644, 0.061386138613861385, 0.06336633663366337, 0.0594059405940594], "0.4914768840299134": [0.05643564356435644, 0.0594059405940594, 0.0594059405940594, 0.06435643564356436, 0.0702970297029703], "1.3359726829661873": [0.055445544554455446, 0.04950495049504951, 0.06930693069306931, 0.061386138613861385, 0.062376237623762376], "3.6315502674246636": [0.06732673267326733, 0.05742574257425743, 0.0594059405940594, 0.061386138613861385, 0.05841584158415842], "9.87157710107605": [0.061386138613861385, 0.061386138613861385, 0.0594059405940594, 0.061386138613861385, 0.053465346534653464], "26.833728652087448": [0.060396039603960394, 0.05148514851485148, 0.060396039603960394, 0.055445544554455446, 0.05742574257425743], "72.94163698477013": [0.053465346534653464, 0.0594059405940594, 0.060396039603960394, 0.060396039603960394, 0.05643564356435644]}}