{"No Title Data": {"6.065306597126334e-05": [0.06732673267326733, 0.0702970297029703, 0.06930693069306931, 0.06732673267326733, 0.07821782178217822, 0.06732673267326733, 0.07524752475247524, 0.05643564356435644, 0.07524752475247524, 0.061386138613861385], "0.0001648721270700128": [0.06435643564356436, 0.06534653465346535, 0.0801980198019802, 0.06336633663366337, 0.08316831683168317, 0.08316831683168317, 0.07227722772277227, 0.07425742574257425, 0.06831683168316832, 0.06930693069306931], "0.00044816890703380644": [0.06930693069306931, 0.08514851485148515, 0.062376237623762376, 0.07524752475247524, 0.06435643564356436, 0.07524752475247524, 0.07425742574257425, 0.0801980198019802, 0.06534653465346535, 0.07128712871287128], "0.0012182493960703473": [0.06336633663366337, 0.07722772277227723, 0.06336633663366337, 0.07920792079207921, 0.07227722772277227, 0.05742574257425743, 0.030693069306930693, 0.07326732673267326, 0.06930693069306931, 0.07524752475247524], "0.0033115451958692314": [0.07425742574257425, 0.05841584158415842, 0.06831683168316832, 0.07524752475247524, 0.07623762376237624, 0.06435643564356436, 0.08811881188118811, 0.09801980198019802, 0.07920792079207921, 0.08118811881188119], "0.00900171313005218": [0.08712871287128712, 0.07920792079207921, 0.08514851485148515, 0.0801980198019802, 0.060396039603960394, 0.08811881188118811, 0.062376237623762376, 0.06534653465346535, 0.061386138613861385, 0.054455445544554455], "0.024469193226422038": [0.07128712871287128, 0.06732673267326733, 0.0702970297029703, 0.0702970297029703, 0.07128712871287128, 0.07524752475247524, 0.061386138613861385, 0.08613861386138613, 0.07326732673267326, 0.0702970297029703], "0.06651416330443619": [0.08415841584158416, 0.0702970297029703, 0.07722772277227723, 0.06633663366336634, 0.07326732673267326, 0.06336633663366337, 0.08415841584158416, 0.07722772277227723, 0.08118811881188119, 0.06435643564356436], "0.1808042414456063": [0.06633663366336634, 0.08514851485148515, 0.08118811881188119, 0.05643564356435644, 0.07425742574257425, 0.08217821782178218, 0.07128712871287128, 0.06336633663366337, 0.08415841584158416, 0.08712871287128712], "0.4914768840299134": [0.07326732673267326, 0.0801980198019802, 0.0702970297029703, 0.07722772277227723, 0.07128712871287128, 0.07722772277227723, 0.06831683168316832, 0.07623762376237624, 0.08217821782178218, 0.06534653465346535], "1.3359726829661873": [0.07227722772277227, 0.0594059405940594, 0.08118811881188119, 0.07227722772277227, 0.05841584158415842, 0.07920792079207921, 0.07920792079207921, 0.07623762376237624, 0.06633663366336634, 0.02277227722772277], "3.6315502674246636": [0.06831683168316832, 0.0297029702970297, 0.06831683168316832, 0.08415841584158416, 0.09603960396039604, 0.06930693069306931, 0.07227722772277227, 0.07821782178217822, 0.06435643564356436, 0.0801980198019802], "9.87157710107605": [0.07920792079207921, 0.08415841584158416, 0.06633663366336634, 0.08415841584158416, 0.06732673267326733, 0.08514851485148515, 0.08217821782178218, 0.06435643564356436, 0.07623762376237624, 0.06732673267326733], "26.833728652087448": [0.06732673267326733, 0.08217821782178218, 0.09306930693069307, 0.07227722772277227, 0.08415841584158416, 0.06534653465346535, 0.0702970297029703, 0.08316831683168317, 0.07722772277227723, 0.06732673267326733], "72.94163698477013": [0.061386138613861385, 0.07920792079207921, 0.07227722772277227, 0.07128712871287128, 0.06336633663366337, 0.062376237623762376, 0.07227722772277227, 0.07920792079207921, 0.061386138613861385, 0.06732673267326733]}, "50% Covar Title Data": {"6.065306597126334e-05": [0.07227722772277227, 0.07128712871287128, 0.07326732673267326, 0.07227722772277227, 0.06336633663366337, 0.0702970297029703, 0.07425742574257425, 0.06831683168316832, 0.07524752475247524, 0.055445544554455446], "0.0001648721270700128": [0.06534653465346535, 0.08514851485148515, 0.06732673267326733, 0.028712871287128714, 0.07227722772277227, 0.0702970297029703, 0.07623762376237624, 0.0702970297029703, 0.08613861386138613, 0.08415841584158416], "0.00044816890703380644": [0.06435643564356436, 0.06732673267326733, 0.0702970297029703, 0.07425742574257425, 0.06930693069306931, 0.07920792079207921, 0.0801980198019802, 0.07722772277227723, 0.07128712871287128, 0.07425742574257425], "0.0012182493960703473": [0.0891089108910891, 0.06633663366336634, 0.07821782178217822, 0.06534653465346535, 0.07326732673267326, 0.047524752475247525, 0.07524752475247524, 0.06831683168316832, 0.06435643564356436, 0.06930693069306931], "0.0033115451958692314": [0.07326732673267326, 0.06633663366336634, 0.06930693069306931, 0.06732673267326733, 0.0594059405940594, 0.0891089108910891, 0.07326732673267326, 0.062376237623762376, 0.07227722772277227, 0.06831683168316832], "0.00900171313005218": [0.07722772277227723, 0.08217821782178218, 0.06831683168316832, 0.07326732673267326, 0.0702970297029703, 0.06633663366336634, 0.06534653465346535, 0.06930693069306931, 0.07623762376237624, 0.07821782178217822], "0.024469193226422038": [0.06732673267326733, 0.07227722772277227, 0.06831683168316832, 0.08217821782178218, 0.06336633663366337, 0.07128712871287128, 0.06732673267326733, 0.0900990099009901, 0.07821782178217822, 0.06831683168316832], "0.06651416330443619": [0.032673267326732675, 0.06732673267326733, 0.08514851485148515, 0.06831683168316832, 0.08118811881188119, 0.07425742574257425, 0.0801980198019802, 0.08118811881188119, 0.08217821782178218, 0.07425742574257425], "0.1808042414456063": [0.07128712871287128, 0.06930693069306931, 0.07623762376237624, 0.07821782178217822, 0.07326732673267326, 0.06534653465346535, 0.062376237623762376, 0.061386138613861385, 0.06336633663366337, 0.0594059405940594], "0.4914768840299134": [0.08217821782178218, 0.07623762376237624, 0.07425742574257425, 0.060396039603960394, 0.061386138613861385, 0.06336633663366337, 0.07722772277227723, 0.0702970297029703, 0.08514851485148515, 0.07623762376237624], "1.3359726829661873": [0.06831683168316832, 0.07128712871287128, 0.07524752475247524, 0.06336633663366337, 0.060396039603960394, 0.07623762376237624, 0.062376237623762376, 0.06930693069306931, 0.06930693069306931, 0.06930693069306931], "3.6315502674246636": [0.062376237623762376, 0.0801980198019802, 0.08316831683168317, 0.07920792079207921, 0.07623762376237624, 0.06831683168316832, 0.06831683168316832, 0.07227722772277227, 0.07920792079207921, 0.053465346534653464], "9.87157710107605": [0.07128712871287128, 0.06336633663366337, 0.07623762376237624, 0.07425742574257425, 0.07623762376237624, 0.06732673267326733, 0.07425742574257425, 0.07128712871287128, 0.07227722772277227, 0.07227722772277227], "26.833728652087448": [0.02277227722772277, 0.07623762376237624, 0.06831683168316832, 0.07821782178217822, 0.07623762376237624, 0.06435643564356436, 0.06633663366336634, 0.060396039603960394, 0.07623762376237624, 0.07524752475247524], "72.94163698477013": [0.07722772277227723, 0.054455445544554455, 0.08217821782178218, 0.06435643564356436, 0.06831683168316832, 0.08217821782178218, 0.07425742574257425, 0.07227722772277227, 0.07227722772277227, 0.07524752475247524]}, "Full Title Data": {"6.065306597126334e-05": [0.04455445544554455, 0.0702970297029703, 0.055445544554455446, 0.0504950495049505, 0.05643564356435644, 0.07821782178217822, 0.0504950495049505, 0.062376237623762376, 0.055445544554455446, 0.04356435643564356], "0.0001648721270700128": [0.06633663366336634, 0.06732673267326733, 0.055445544554455446, 0.053465346534653464, 0.07623762376237624, 0.0594059405940594, 0.047524752475247525, 0.06732673267326733, 0.07128712871287128, 0.0594059405940594], "0.00044816890703380644": [0.054455445544554455, 0.05841584158415842, 0.05247524752475247, 0.055445544554455446, 0.06732673267326733, 0.0594059405940594, 0.060396039603960394, 0.04950495049504951, 0.062376237623762376, 0.055445544554455446],