{"No Title Data": [0.07722772277227723, 0.07722772277227723, 0.07524752475247524, 0.0900990099009901, 0.07623762376237624, 0.06435643564356436, 0.060396039603960394, 0.06336633663366337, 0.05643564356435644, 0.07425742574257425, 0.08217821782178218, 0.07227722772277227, 0.07623762376237624, 0.0702970297029703, 0.07524752475247524], "50% Covar Title Data": [0.07524752475247524, 0.060396039603960394, 0.08316831683168317, 0.0702970297029703, 0.06633663366336634, 0.0297029702970297, 0.06930693069306931, 0.061386138613861385, 0.08316831683168317, 0.07326732673267326, 0.06831683168316832, 0.06930693069306931, 0.0702970297029703, 0.0702970297029703, 0.06930693069306931], "Full Title Data": [0.06831683168316832, 0.061386138613861385, 0.07425742574257425, 0.07326732673267326, 0.04950495049504951, 0.055445544554455446, 0.05643564356435644, 0.0594059405940594, 0.047524752475247525, 0.060396039603960394, 0.062376237623762376, 0.0594059405940594, 0.05643564356435644, 0.06732673267326733, 0.07623762376237624]}