{"No Title Data": {"6.065306597126334e-05": [0.07775813295615276, 0.07782885431400283, 0.07864214992927865, 0.07782885431400283, 0.07857142857142857, 0.07977369165487977, 0.07885431400282886, 0.07864214992927865, 0.07683875530410184, 0.07984441301272985], "0.0001648721270700128": [0.07980905233380481, 0.0783946251768034, 0.07842998585572843, 0.08041018387553041, 0.07991513437057991, 0.07740452616690241, 0.08041018387553041, 0.07804101838755303, 0.0797029702970297, 0.07800565770862801], "0.00044816890703380644": [0.07821782178217822, 0.07694483734087694, 0.08058698727015559, 0.07747524752475247, 0.07754596888260254, 0.07821782178217822, 0.07818246110325318, 0.07828854314002828, 0.0794908062234795, 0.07652050919377652], "0.0012182493960703473": [0.07807637906647807, 0.07623762376237624, 0.07878359264497878, 0.07535360678925035, 0.0778995756718529, 0.08086987270155586, 0.08985148514851485, 0.07878359264497878, 0.07758132956152758, 0.07924328147100425], "0.0033115451958692314": [0.07821782178217822, 0.0788896746817539, 0.07917256011315417, 0.07584865629420084, 0.07821782178217822, 0.07740452616690241, 0.07768741159830268, 0.07652050919377652, 0.07733380480905233, 0.07956152758132956], "0.00900171313005218": [0.07821782178217822, 0.07842998585572843, 0.07468175388967468, 0.07846534653465347, 0.0795968882602546, 0.07726308345120227, 0.07871287128712871, 0.07896039603960396, 0.07892503536067892, 0.08168316831683169], "0.024469193226422038": [0.07786421499292787, 0.07934936350777935, 0.07942008486562942, 0.078995756718529, 0.07588401697312588, 0.07644978783592644, 0.07874823196605375, 0.07634370579915134, 0.07956152758132956, 0.07853606789250353], "0.06651416330443619": [0.07818246110325318, 0.07814710042432815, 0.07878359264497878, 0.07913719943422914, 0.07853606789250353, 0.0795968882602546, 0.07517680339462518, 0.07599009900990099, 0.0757072135785007, 0.07896039603960396], "0.1808042414456063": [0.0778995756718529, 0.07616690240452617, 0.07683875530410184, 0.07835926449787836, 0.07793493635077793, 0.07680339462517681, 0.07690947666195191, 0.07842998585572843, 0.07694483734087694, 0.07800565770862801], "0.4914768840299134": [0.07903111739745403, 0.07676803394625177, 0.07938472418670438, 0.07942008486562942, 0.07648514851485148, 0.07800565770862801, 0.0801980198019802, 0.07729844413012729, 0.07811173974540311, 0.07973833097595474], "1.3359726829661873": [0.0778995756718529, 0.07917256011315417, 0.07743988684582744, 0.0801980198019802, 0.07722772277227723, 0.07644978783592644, 0.07634370579915134, 0.07743988684582744, 0.08086987270155586, 0.0934936350777935], "3.6315502674246636": [0.07680339462517681, 0.09169024045261669, 0.07903111739745403, 0.07818246110325318, 0.07669731258840169, 0.07903111739745403, 0.07934936350777935, 0.07761669024045262, 0.07977369165487977, 0.07828854314002828], "9.87157710107605": [0.07701555869872702, 0.07652050919377652, 0.07775813295615276, 0.07864214992927865, 0.07846534653465347, 0.07641442715700142, 0.07712164073550212, 0.07842998585572843, 0.07627298444130128, 0.07991513437057991], "26.833728652087448": [0.07942008486562942, 0.07694483734087694, 0.07705091937765204, 0.07616690240452617, 0.07807637906647807, 0.0778995756718529, 0.07736916548797737, 0.0778995756718529, 0.07715700141442716, 0.07698019801980198], "72.94163698477013": [0.07920792079207921, 0.08111739745403111, 0.07708628005657708, 0.07896039603960396, 0.07956152758132956, 0.07800565770862801, 0.0794908062234795, 0.07814710042432815, 0.07793493635077793, 0.07683875530410184]}, "50% Covar Title Data": {"6.065306597126334e-05": [0.07956152758132956, 0.08076379066478076, 0.07779349363507779, 0.07835926449787836, 0.0800919377652051, 0.07984441301272985, 0.08002121640735502, 0.07864214992927865, 0.07853606789250353, 0.08256718528995757], "0.0001648721270700128": [0.07938472418670438, 0.07694483734087694, 0.07938472418670438, 0.09384724186704385, 0.07835926449787836, 0.078995756718529, 0.07987977369165487, 0.0788896746817539, 0.07577793493635078, 0.07885431400282886], "0.00044816890703380644": [0.07938472418670438, 0.07698019801980198, 0.07715700141442716, 0.07874823196605375, 0.07782885431400283, 0.07563649222065064, 0.07726308345120227, 0.07652050919377652, 0.07768741159830268, 0.07913719943422914], "0.0012182493960703473": [0.07581329561527582, 0.07782885431400283, 0.07881895332390382, 0.07903111739745403, 0.07786421499292787, 0.08111739745403111, 0.07761669024045262, 0.08051626591230551, 0.07977369165487977, 0.07673267326732673], "0.0033115451958692314": [0.0762022630834512, 0.0797029702970297, 0.07917256011315417, 0.07934936350777935, 0.07860678925035361, 0.07662659123055163, 0.0794908062234795, 0.078995756718529, 0.07846534653465347, 0.07857142857142857], "0.00900171313005218": [0.07743988684582744, 0.07903111739745403, 0.07835926449787836, 0.078995756718529, 0.07857142857142857, 0.07698019801980198, 0.0778995756718529, 0.07842998585572843, 0.07931400282885431, 0.07885431400282886], "0.024469193226422038": [0.07818246110325318, 0.07733380480905233, 0.07775813295615276, 0.07630834512022631, 0.07987977369165487, 0.07864214992927865, 0.07825318246110326, 0.07627298444130128, 0.07637906647807638, 0.07797029702970297], "0.06651416330443619": [0.09321074964639321, 0.07963224893917963, 0.07457567185289958, 0.07821782178217822, 0.07772277227722772, 0.07775813295615276, 0.07652050919377652, 0.07892503536067892, 0.07528288543140028, 0.07956152758132956], "0.1808042414456063": [0.07676803394625177, 0.07906647807637907, 0.0778995756718529, 0.07740452616690241, 0.0801980198019802, 0.07987977369165487, 0.0791018387553041, 0.07811173974540311, 0.07811173974540311, 0.07772277227722772], "0.4914768840299134": [0.07719236209335219, 0.07726308345120227, 0.07814710042432815, 0.07690947666195191, 0.07973833097595474, 0.08002121640735502, 0.07623762376237624, 0.07814710042432815, 0.07747524752475247, 0.07903111739745403], "1.3359726829661873": [0.07906647807637907, 0.07927864214992927, 0.07722772277227723, 0.0794908062234795, 0.08122347949080623, 0.07722772277227723, 0.0788896746817539, 0.07712164073550212, 0.07814710042432815, 0.07931400282885431], "3.6315502674246636": [0.07800565770862801, 0.07920792079207921, 0.07775813295615276, 0.07807637906647807, 0.07627298444130128, 0.07871287128712871, 0.07644978783592644, 0.07782885431400283, 0.07775813295615276, 0.08016265912305516], "9.87157710107605": [0.07648514851485148, 0.07818246110325318, 0.07531824611032532, 0.07842998585572843, 0.07984441301272985, 0.08012729844413012, 0.07818246110325318, 0.07814710042432815, 0.07772277227722772, 0.07712164073550212], "26.833728652087448": [0.09338755304101838, 0.07754596888260254, 0.07807637906647807, 0.08033946251768034, 0.07871287128712871, 0.07768741159830268, 0.07673267326732673, 0.08118811881188119, 0.07931400282885431, 0.07616690240452617], "72.94163698477013": [0.07729844413012729, 0.07917256011315417, 0.07871287128712871, 0.07793493635077793, 0.07952616690240452, 0.07613154172560113, 0.07765205091937766, 0.07980905233380481, 0.07726308345120227, 0.07683875530410184]}, "Full Title Data": {"6.065306597126334e-05": [0.08178925035360679, 0.07864214992927865, 0.08147100424328148, 0.08214285714285714, 0.0794908062234795, 0.078995756718529, 0.08348656294200849, 0.08193069306930693, 0.08132956152758133, 0.08327439886845828], "0.0001648721270700128": [0.0826025459688826, 0.08065770862800566, 0.08193069306930693, 0.08196605374823196, 0.07956152758132956, 0.08111739745403111, 0.08164780763790665, 0.07984441301272985, 0.07991513437057991, 0.08274398868458274], "0.00044816890703380644": [0.07984441301272985, 0.08143564356435644, 0.08334512022630834, 0.08253182461103253, 0.0812942008486563, 0.08154172560113154, 0.07917256011315417, 0.09183168316831683, 0.08115275813295615, 0.08405233380480905],