{"No Title Data": [0.07680339462517681, 0.07694483734087694, 0.07577793493635078, 0.07701555869872702, 0.07673267326732673, 0.07687411598302687, 0.07952616690240452, 0.07977369165487977, 0.0807991513437058, 0.0757072135785007, 0.07782885431400283, 0.07800565770862801, 0.07765205091937766, 0.07807637906647807, 0.07782885431400283], "50% Covar Title Data": [0.07853606789250353, 0.08076379066478076, 0.07835926449787836, 0.07736916548797737, 0.07853606789250353, 0.09112446958981613, 0.07807637906647807, 0.07980905233380481, 0.07673267326732673, 0.07797029702970297, 0.07878359264497878, 0.07938472418670438, 0.07892503536067892, 0.07818246110325318, 0.0807991513437058], "Full Title Data": [0.0803041018387553, 0.0794908062234795, 0.07917256011315417, 0.08196605374823196, 0.08125884016973126, 0.08104667609618105, 0.08267326732673268, 0.08122347949080623, 0.0815063649222065, 0.07977369165487977, 0.08076379066478076, 0.08097595473833098, 0.08292079207920793, 0.07860678925035361, 0.07871287128712871]}