{"1": [0.05841584158415842, 0.05643564356435644, 0.05841584158415842, 0.04950495049504951, 0.054455445544554455, 0.05643564356435644, 0.04356435643564356, 0.04950495049504951, 0.0504950495049505, 0.05148514851485148, 0.062376237623762376, 0.06336633663366337, 0.06534653465346535, 0.053465346534653464, 0.053465346534653464, 0.05643564356435644, 0.04950495049504951, 0.06732673267326733, 0.046534653465346534, 0.054455445544554455], "2": [0.054455445544554455, 0.055445544554455446, 0.060396039603960394, 0.060396039603960394, 0.05643564356435644, 0.047524752475247525, 0.030693069306930693, 0.054455445544554455, 0.06633663366336634, 0.062376237623762376, 0.05841584158415842, 0.03861386138613861, 0.062376237623762376, 0.04950495049504951, 0.04950495049504951, 0.05643564356435644, 0.055445544554455446, 0.060396039603960394, 0.0594059405940594, 0.06831683168316832], "3": [0.05643564356435644, 0.0504950495049505, 0.05841584158415842, 0.07128712871287128, 0.05247524752475247, 0.06336633663366337, 0.054455445544554455, 0.06930693069306931, 0.054455445544554455, 0.03861386138613861, 0.06336633663366337, 0.040594059405940595, 0.053465346534653464, 0.062376237623762376, 0.0594059405940594, 0.053465346534653464, 0.0504950495049505, 0.07326732673267326, 0.05148514851485148, 0.06732673267326733], "4": [0.06336633663366337, 0.05643564356435644, 0.053465346534653464, 0.046534653465346534, 0.053465346534653464, 0.05148514851485148, 0.05841584158415842, 0.05841584158415842, 0.05643564356435644, 0.0594059405940594, 0.06534653465346535, 0.053465346534653464, 0.040594059405940595, 0.0594059405940594, 0.05742574257425743, 0.06831683168316832, 0.05841584158415842, 0.055445544554455446, 0.054455445544554455, 0.060396039603960394], "5": [0.06534653465346535, 0.061386138613861385, 0.061386138613861385, 0.05742574257425743, 0.062376237623762376, 0.054455445544554455, 0.07524752475247524, 0.054455445544554455, 0.041584158415841586, 0.047524752475247525, 0.07326732673267326, 0.06633663366336634, 0.061386138613861385, 0.0594059405940594, 0.07821782178217822, 0.055445544554455446, 0.06336633663366337, 0.060396039603960394, 0.0702970297029703, 0.0594059405940594]}