{"No Title Data": {"6.065306597126334e-05": [0.07128712871287128, 0.07722772277227723, 0.0594059405940594, 0.06831683168316832, 0.05841584158415842], "7.408182206817179e-05": [0.061386138613861385, 0.07821782178217822, 0.07722772277227723, 0.06930693069306931, 0.07227722772277227], "9.048374180359595e-05": [0.06336633663366337, 0.06930693069306931, 0.07623762376237624, 0.07623762376237624, 0.07326732673267326], "0.00011051709180756478": [0.06930693069306931, 0.08217821782178218, 0.05247524752475247, 0.07227722772277227, 0.07227722772277227], "0.00013498588075760033": [0.07326732673267326, 0.05742574257425743, 0.060396039603960394, 0.062376237623762376, 0.08217821782178218], "0.0001648721270700128": [0.07920792079207921, 0.030693069306930693, 0.06336633663366337, 0.07227722772277227, 0.0702970297029703], "0.00020137527074704767": [0.06633663366336634, 0.06732673267326733, 0.05643564356435644, 0.05841584158415842, 0.033663366336633666], "0.000245960311115695": [0.08118811881188119, 0.08118811881188119, 0.07227722772277227, 0.06336633663366337, 0.05742574257425743], "0.00030041660239464335": [0.06732673267326733, 0.07722772277227723, 0.07227722772277227, 0.06930693069306931, 0.07128712871287128], "0.0003669296667619244": [0.07722772277227723, 0.061386138613861385, 0.07326732673267326, 0.060396039603960394, 0.06435643564356436], "0.00044816890703380644": [0.08415841584158416, 0.07821782178217822, 0.06732673267326733, 0.06534653465346535, 0.05643564356435644], "0.00054739473917272": [0.07623762376237624, 0.06831683168316832, 0.07524752475247524, 0.05742574257425743, 0.07722772277227723], "0.0006685894442279268": [0.0702970297029703, 0.0702970297029703, 0.062376237623762376, 0.033663366336633666, 0.07920792079207921], "0.0008166169912567652": [0.062376237623762376, 0.06732673267326733, 0.06930693069306931, 0.061386138613861385, 0.07722772277227723], "0.0009974182454814719": [0.0702970297029703, 0.07128712871287128, 0.06435643564356436, 0.07623762376237624, 0.08118811881188119], "0.0012182493960703473": [0.07524752475247524, 0.062376237623762376, 0.08613861386138613, 0.07227722772277227, 0.08316831683168317], "0.0014879731724872836": [0.07326732673267326, 0.0702970297029703, 0.06336633663366337, 0.0702970297029703, 0.02178217821782178], "0.0018174145369443061": [0.07128712871287128, 0.06732673267326733, 0.08118811881188119, 0.07920792079207921, 0.0801980198019802], "0.002219795128144164": [0.06930693069306931, 0.06633663366336634, 0.06435643564356436, 0.062376237623762376, 0.09108910891089109], "0.002711263892065788": [0.07128712871287128, 0.06336633663366337, 0.08118811881188119, 0.08217821782178218, 0.08613861386138613], "0.0033115451958692314": [0.07128712871287128, 0.08118811881188119, 0.06336633663366337, 0.06930693069306931, 0.07722772277227723], "0.00404473043600674": [0.07524752475247524, 0.07722772277227723, 0.08316831683168317, 0.07524752475247524, 0.06930693069306931], "0.0049402449105530166": [0.06633663366336634, 0.06633663366336634, 0.08811881188118811, 0.0801980198019802, 0.07326732673267326], "0.006034028759736195": [0.07821782178217822, 0.07128712871287128, 0.07425742574257425, 0.06930693069306931, 0.0297029702970297], "0.007369979369959579": [0.07227722772277227, 0.0801980198019802, 0.07722772277227723, 0.07821782178217822, 0.060396039603960394], "0.00900171313005218": [0.06930693069306931, 0.08514851485148515, 0.07623762376237624, 0.08514851485148515, 0.07623762376237624], "0.010994717245212353": [0.0594059405940594, 0.07128712871287128, 0.07821782178217822, 0.06930693069306931, 0.08217821782178218], "0.013428977968493553": [0.07821782178217822, 0.06930693069306931, 0.07227722772277227, 0.06831683168316832, 0.07524752475247524], "0.01640219072999017": [0.07920792079207921, 0.06534653465346535, 0.06831683168316832, 0.07128712871287128, 0.07227722772277227], "0.020033680997479167": [0.07326732673267326, 0.07128712871287128, 0.09504950495049505, 0.028712871287128714, 0.07524752475247524], "0.024469193226422038": [0.07227722772277227, 0.026732673267326732, 0.062376237623762376, 0.061386138613861385, 0.07821782178217822], "0.02988674009670603": [0.07425742574257425, 0.07722772277227723, 0.07524752475247524, 0.07524752475247524, 0.07326732673267326], "0.03650374678653289": [0.062376237623762376, 0.06633663366336634, 0.08514851485148515, 0.07821782178217822, 0.0801980198019802], "0.04458577700825168": [0.07623762376237624, 0.07722772277227723, 0.07920792079207921, 0.07920792079207921, 0.06732673267326733], "0.0544571910125929": [0.0891089108910891, 0.0702970297029703, 0.08514851485148515, 0.02178217821782178, 0.07821782178217822], "0.06651416330443619": [0.07722772277227723, 0.07623762376237624, 0.07227722772277227, 0.07326732673267326, 0.06633663366336634], "0.08124058251675433": [0.07821782178217822, 0.07920792079207921, 0.07524752475247524, 0.08415841584158416, 0.07821782178217822], "0.09922747156050263": [0.055445544554455446, 0.06534653465346535, 0.07128712871287128, 0.06930693069306931, 0.07623762376237624], "0.12119670744925763": [0.09801980198019802, 0.08118811881188119, 0.07326732673267326, 0.06435643564356436, 0.07722772277227723], "0.1480299927584545": [0.07821782178217822, 0.07227722772277227, 0.07227722772277227, 0.07128712871287128, 0.0801980198019802], "0.1808042414456063": [0.07722772277227723, 0.062376237623762376, 0.0702970297029703, 0.08514851485148515, 0.055445544554455446], "0.2208347991887209": [0.060396039603960394, 0.07623762376237624, 0.06435643564356436, 0.030693069306930693, 0.07920792079207921], "0.269728232826851": [0.07821782178217822, 0.0702970297029703, 0.07227722772277227, 0.08217821782178218, 0.06732673267326733], "0.329446807528384": [0.0801980198019802, 0.08811881188118811, 0.07920792079207921, 0.07821782178217822, 0.06930693069306931], "0.4023872393822313": [0.06633663366336634, 0.07425742574257425, 0.08415841584158416, 0.08613861386138613, 0.07227722772277227], "0.4914768840299134": [0.08811881188118811, 0.08118811881188119, 0.05742574257425743, 0.07623762376237624, 0.07821782178217822], "0.6002912217261018": [0.0801980198019802, 0.06534653465346535, 0.06831683168316832, 0.07227722772277227, 0.08514851485148515], "0.7331973539155995": [0.08415841584158416, 0.0702970297029703, 0.06435643564356436, 0.06831683168316832, 0.07722772277227723], "0.8955292703482508": [0.032673267326732675, 0.06732673267326733, 0.07821782178217822, 0.07326732673267326, 0.06930693069306931], "1.093801920816519": [0.07920792079207921, 0.07425742574257425, 0.060396039603960394, 0.07722772277227723, 0.08811881188118811], "1.3359726829661873": [0.06435643564356436, 0.06930693069306931, 0.06930693069306931, 0.07128712871287128, 0.07623762376237624], "1.631760719801542": [0.05841584158415842, 0.06336633663366337, 0.061386138613861385, 0.06831683168316832, 0.0702970297029703], "1.9930370438230296": [0.08118811881188119, 0.06534653465346535, 0.06336633663366337, 0.0594059405940594, 0.07425742574257425], "2.434300942440838": [0.07227722772277227, 0.07623762376237624, 0.08316831683168317, 0.08811881188118811, 0.027722772277227723], "2.9732618852891437": [0.08613861386138613, 0.06831683168316832, 0.08118811881188119, 0.06930693069306931, 0.07623762376237624], "3.6315502674246636": [0.06831683168316832, 0.07524752475247524, 0.07326732673267326, 0.06435643564356436, 0.07920792079207921], "4.435585513029784": [0.06930693069306931, 0.06831683168316832, 0.07128712871287128, 0.07524752475247524, 0.07524752475247524], "5.417636379669875": [0.0297029702970297, 0.07623762376237624, 0.06930693069306931, 0.06633663366336634, 0.08118811881188119], "6.617116016837658": [0.07920792079207921, 0.06336633663366337, 0.07623762376237624, 0.0702970297029703, 0.07722772277227723], "8.08216375403136": [0.07524752475247524, 0.07623762376237624, 0.07623762376237624, 0.07623762376237624, 0.0594059405940594], "9.87157710107605": [0.06435643564356436, 0.07623762376237624, 0.08712871287128712, 0.08811881188118811, 0.08712871287128712],